{"worker/img_per_sec": 18.391225805566503, "worker/success": 0.6834, "worker/failed_to_download": 0.2962, "worker/failed_to_resize": 0.0204, "worker/count": 10000, "_timestamp": 1736599790.4145737, "_runtime": 2831.0350906848907, "_step": 170, "total/img_per_sec": 281.8517706570331, "total/success": 0.6810325, "total/failed_to_download": 0.29668, "total/failed_to_resize": 0.0222875, "total/count": 800000, "status": {"_type": "table-file", "sha256": "2e9630886d29eac21e419b01b8b9eb742d2031de0d5e5bf5cca555f2272d3605", "size": 10416, "artifact_path": "wandb-client-artifact://83nc9j8csvvu18k8rscfn2njnmsluos1umrndasqt506ujqpbgn5wg5u7w0bzx2bybngluikpv6vud66bc24a256rw9j46o3155h8in7kio5oi64zs237mtnec37hzzf:latest/status.table.json", "_latest_artifact_path": "wandb-client-artifact://83nc9j8csvvu18k8rscfn2njnmsluos1umrndasqt506ujqpbgn5wg5u7w0bzx2bybngluikpv6vud66bc24a256rw9j46o3155h8in7kio5oi64zs237mtnec37hzzf:latest/status.table.json", "path": "media/table/status_158_2e9630886d29eac21e41.table.json", "ncols": 3, "nrows": 100}}