{"worker/img_per_sec": 20.700134549907258, "worker/success": 0.6973, "worker/failed_to_download": 0.2769, "worker/failed_to_resize": 0.0258, "worker/count": 10000, "_timestamp": 1736617066.2242432, "_runtime": 478.65492510795593, "_step": 5, "total/img_per_sec": 32.789013127053096, "total/success": 0.7, "total/failed_to_download": 0.27474747474747474, "total/failed_to_resize": 0.025252525252525252, "total/count": 15840, "status": {"_type": "table-file", "sha256": "27b3362cee1d8967ad82af18b22e536bee8069d2586cdba4b1135e7c6a68f313", "size": 7844, "artifact_path": "wandb-client-artifact://9wa7tk5xbx5o22zsiao4t32lbhzuytwji1pzv3buzwtlyvardk0kp1lul29wrzbevjgwpq3exgw1b2dkdlntm2gxf5rhzgh60ppg6dftz48o7bz1nurlj4kc3agvfgkb:latest/status.table.json", "_latest_artifact_path": "wandb-client-artifact://9wa7tk5xbx5o22zsiao4t32lbhzuytwji1pzv3buzwtlyvardk0kp1lul29wrzbevjgwpq3exgw1b2dkdlntm2gxf5rhzgh60ppg6dftz48o7bz1nurlj4kc3agvfgkb:latest/status.table.json", "path": "media/table/status_5_27b3362cee1d8967ad82.table.json", "ncols": 3, "nrows": 74}, "_wandb": {"runtime": 477}}