{"worker/img_per_sec": 19.717802064590447, "worker/success": 0.6843, "worker/failed_to_download": 0.2938, "worker/failed_to_resize": 0.0219, "worker/count": 10000, "_timestamp": 1736605464.0574105, "_runtime": 509.13666439056396, "_step": 8, "total/img_per_sec": 78.8700672714934, "total/success": 0.683425, "total/failed_to_download": 0.293775, "total/failed_to_resize": 0.0228, "total/count": 40000, "status": {"_type": "table-file", "sha256": "cc92be0785a7e938c83bfd0a66f90c6aff0bcddc847b806041bf1c066ac661d2", "size": 4813, "artifact_path": "wandb-client-artifact://mex9f8pofqvk20d85y7o1207hzgtrzgws5jad42omkeh2f0i765u7gyqmzn5ge9n8q1axgkjwb9zb71psyujaypultg6o6sjb795hitzbfces52ic5eshy4ofu108bfa:latest/status.table.json", "_latest_artifact_path": "wandb-client-artifact://mex9f8pofqvk20d85y7o1207hzgtrzgws5jad42omkeh2f0i765u7gyqmzn5ge9n8q1axgkjwb9zb71psyujaypultg6o6sjb795hitzbfces52ic5eshy4ofu108bfa:latest/status.table.json", "path": "media/table/status_2_cc92be0785a7e938c83b.table.json", "ncols": 3, "nrows": 56}}