{"worker/img_per_sec": 19.198934265213733, "worker/success": 0.6702, "worker/failed_to_download": 0.3073, "worker/failed_to_resize": 0.0225, "worker/count": 10000, "_timestamp": 1736638156.8848689, "_runtime": 17590.23305797577, "_step": 378, "total/img_per_sec": 78.35373766637322, "total/success": 0.6807957705553866, "total/failed_to_download": 0.2972154124862062, "total/failed_to_resize": 0.021988816958407122, "total/count": 1378337, "status": {"_type": "table-file", "sha256": "57927f4bb4085fad9c1014d1751fc264623d330342917b2c3f55bedda7b29bc7", "size": 10094, "artifact_path": "wandb-client-artifact://vw462fzcfdman39cls76ktbxoa2uiyl4rxk288mu3od0f4lbp8c3ddnpviau1bod3k1xnitm14m5874n2daqyhs95nojdkwu4m6290ob13q1pkt1i9990izr9vrwhf7q:latest/status.table.json", "_latest_artifact_path": "wandb-client-artifact://vw462fzcfdman39cls76ktbxoa2uiyl4rxk288mu3od0f4lbp8c3ddnpviau1bod3k1xnitm14m5874n2daqyhs95nojdkwu4m6290ob13q1pkt1i9990izr9vrwhf7q:latest/status.table.json", "path": "media/table/status_378_57927f4bb4085fad9c10.table.json", "ncols": 3, "nrows": 100}, "_wandb": {"runtime": 17589}}