{"worker/img_per_sec": 17.69958753231643, "worker/success": 0.6858, "worker/failed_to_download": 0.2924, "worker/failed_to_resize": 0.0218, "worker/count": 10000, "_timestamp": 1736620208.8590426, "_runtime": 14263.176320552826, "_step": 305, "total/img_per_sec": 79.92156899004516, "total/success": 0.6814114035087719, "total/failed_to_download": 0.29640877192982457, "total/failed_to_resize": 0.022179824561403508, "total/count": 1140000, "status": {"_type": "table-file", "sha256": "1ae69eb3bb0dbee6f2af95210ab54aa46d1a5a019e7bd7ce96bfedcaee1f79e3", "size": 10196, "artifact_path": "wandb-client-artifact://kkqvaolq4fuy7ihf9767h1475yku2s6l2bkemdwdwklqne7fwe3vkm64lmvcoctby8jt0wua10i6lcqy135tstm88tqjzg5jqy428vhgay3bvko4psigs5z15ngfqy9k:latest/status.table.json", "_latest_artifact_path": "wandb-client-artifact://kkqvaolq4fuy7ihf9767h1475yku2s6l2bkemdwdwklqne7fwe3vkm64lmvcoctby8jt0wua10i6lcqy135tstm88tqjzg5jqy428vhgay3bvko4psigs5z15ngfqy9k:latest/status.table.json", "path": "media/table/status_303_1ae69eb3bb0dbee6f2af.table.json", "ncols": 3, "nrows": 100}}